{
    "loss": 0.6933344006538391,
    "accuracy": 0.5556526780128479
}